﻿Designator,Footprint,Quantity,Value,LCSC Part #
C1,0402,1,2.2n,
"C10, C11, C5, C6, C7, C9",0805,6,22uF,
"C2, C3",0805,2,6.8u,
C4,0402,1,2.2u,
C8,0402,1,100n,
"H1, H2, H3, H4",MountingHole_3.2mm_M3_DIN965_Pad,4,MountingHole_Pad,
J1,ESQ-126-39-x-D,1,Η1,
J2,ESQ-126-39-x-D,1,Η2,
J4,5040500491,1,504050-0491,
L1,ASPI-0504-100M-T,1,2.2u,
L2,0805,1,0u,
R1,0603,1,2.2k,
R2,0402,1,18.2k,
R3,0402,1,100k,
R4,0402,1,26.7k,
R5,0402,1,4.87k,
"R6, R7",0805,2,0,
U1,Texas_VQFN-10-HR_2x2_Pitch0.5mm,1,TPS62913,
